{
    "gyro_bias_x": -0.06582222732843138,
    "gyro_bias_y": 1.8908930759803921,
    "gyro_bias_z": 0.7922602634803921,
    "calibration_date": "2025-06-19 16:25:36"
}