{"x": 1367.3583984375, "y": 920.3948974609375, "z": 26.7669677734375}